Year,Region,Sales,Previous Year Sales,YoY Growth %
2019,Central,210000,,
2020,Central,225000,210000,7.14
2021,Central,255000,225000,13.33
2022,Central,290000,255000,13.73
2019,East,280000,,
2020,East,295000,280000,5.36
2021,East,340000,295000,15.25
2022,East,370000,340000,8.82
2019,South,150000,,
2020,South,165000,150000,10
2021,South,190000,165000,15.15
2022,South,215000,190000,13.16
2019,West,180000,,
2020,West,210000,180000,16.67
2021,West,250000,210000,19.05
2022,West,290000,250000,16
